{"_timestamp":1.76790543600033e+09,"_step":0,"_wandb":{"runtime":1},"_runtime":1,"train_loss":2.319687843322754,"train_accuracy":0.0625}