{"_timestamp":1.767904807427785e+09,"images":{"width":28,"height":28,"format":"png","count":5,"filenames":["media/images/images_919_925c7b9bf3678adf308f.png","media/images/images_919_03debc27afe007cfd5dc.png","media/images/images_919_5683e95e9171b0ddde04.png","media/images/images_919_51e2642d4dc922aee9a1.png","media/images/images_919_3f14605cdd06fbcd6676.png"],"captions":["img 0","img 1","img 2","img 3","img 4"],"_type":"images/separated"},"gradients":{"bins":[-0.42614877223968506,-0.4106598198413849,-0.3951708674430847,-0.37968191504478455,-0.3641929626464844,-0.3487040400505066,-0.3332150876522064,-0.31772613525390625,-0.3022371828556061,-0.2867482304573059,-0.27125927805900574,-0.25577032566070557,-0.2402813881635666,-0.22479243576526642,-0.20930349826812744,-0.19381454586982727,-0.1783255934715271,-0.16283664107322693,-0.14734768867492676,-0.1318587362766266,-0.11636978387832642,-0.10088086128234863,-0.08539190888404846,-0.06990295648574829,-0.05441400408744812,-0.03892505168914795,-0.02343609929084778,-0.007947146892547607,0.007541775703430176,0.023030728101730347,0.03851968050003052,0.05400863289833069,0.06949758529663086,0.08498650789260864,0.1004754900932312,0.11596441268920898,0.13145339488983154,0.14694231748580933,0.16243129968643188,0.17792022228240967,0.19340920448303223,0.20889812707901,0.2243870496749878,0.23987603187561035,0.25536495447158813,0.2708539366722107,0.2863428592681885,0.30183184146881104,0.3173207640647888,0.3328096866607666,0.34829866886138916,0.36378759145736694,0.3792765736579895,0.3947654962539673,0.41025447845458984,0.4257434010505676,0.4412323236465454,0.45672130584716797,0.47221022844314575,0.4876992106437683,0.5031881332397461,0.5186771154403687,0.5341660380363464,0.549655020236969,0.5651439428329468],"_type":"histogram","values":[2,0,0,0,1,1,1,2,1,0,1,0,0,1,4,2,2,1,7,2,5,7,19,46,166,511,3187,85908,3074,627,201,83,48,16,7,7,2,1,2,3,0,3,0,0,3,0,0,1,0,1,0,2,1,2,0,0,0,0,0,0,0,0,0,1]},"_wandb":{"runtime":8},"_runtime":8,"_step":957,"train_loss":0.24099937081336975,"train_accuracy":1}