{"train_loss":0.3723185658454895,"train_accuracy":0.875,"_timestamp":1.7679038565980952e+09,"_wandb":{"runtime":29},"_runtime":29,"_step":4689}