{"_timestamp":1.7679052687873669e+09,"_step":0,"train_loss":2.378004312515259,"_wandb":{"runtime":1},"_runtime":1,"train_accuracy":0.03125}