{"_runtime":4,"_timestamp":1.7679045452079098e+09,"_step":0,"train_loss":2.295513153076172,"train_accuracy":0.125,"_wandb":{"runtime":4}}