{"_wandb":{"runtime":1},"_runtime":1,"train_loss":2.329916477203369,"train_accuracy":0.0625,"_timestamp":1.7679054083122702e+09,"_step":0}