{"train_loss":0.11601399630308151,"train_accuracy":1,"images":{"_type":"images/separated","width":28,"height":28,"format":"png","count":5,"filenames":["media/images/images_4755_925c7b9bf3678adf308f.png","media/images/images_4755_03debc27afe007cfd5dc.png","media/images/images_4755_5683e95e9171b0ddde04.png","media/images/images_4755_51e2642d4dc922aee9a1.png","media/images/images_4755_3f14605cdd06fbcd6676.png"],"captions":["img 0","img 1","img 2","img 3","img 4"]},"_runtime":33,"_wandb":{"runtime":33},"_timestamp":1.767904921016198e+09,"roc":{"height":480,"_type":"image-file","sha256":"4f78b1309ae70899f7fc67adc6659c0752dfd4404e463556b590e155563454d3","size":22076,"path":"media/images/roc_4794_4f78b1309ae70899f7fc.png","format":"png","width":640},"_step":4794,"gradients":{"bins":[-0.32126760482788086,-0.3113665282726288,-0.3014654517173767,-0.29156437516212463,-0.28166329860687256,-0.27176225185394287,-0.2618611454963684,-0.2519600987434387,-0.24205902218818665,-0.23215794563293457,-0.2222568690776825,-0.21235579252243042,-0.20245471596717834,-0.19255363941192627,-0.1826525777578354,-0.1727515012025833,-0.16285042464733124,-0.15294934809207916,-0.1430482715368271,-0.1331472098827362,-0.12324613332748413,-0.11334505677223206,-0.10344398021697998,-0.0935429036617279,-0.08364182710647583,-0.07374076545238495,-0.06383967399597168,-0.05393862724304199,-0.04403755068778992,-0.03413647413253784,-0.024235397577285767,-0.014334321022033691,-0.004433244466781616,0.005467832088470459,0.015368908643722534,0.02526998519897461,0.035171061754226685,0.04507213830947876,0.05497318506240845,0.06487426161766052,0.0747753381729126,0.08467641472816467,0.09457749128341675,0.10447856783866882,0.1143796443939209,0.12428072094917297,0.13418179750442505,0.14408287405967712,0.1539839506149292,0.1638849973678589,0.17378607392311096,0.18368715047836304,0.1935882568359375,0.2034893035888672,0.21339035034179688,0.22329145669937134,0.23319250345230103,0.2430936098098755,0.2529946565628052,0.26289576292037964,0.2727968096733093,0.2826979160308838,0.2925989627838135,0.30250006914138794,0.3124011158943176],"_type":"histogram","values":[1,0,0,0,0,0,0,0,1,0,0,1,0,0,2,0,0,0,1,2,1,0,0,1,1,2,9,10,26,80,169,862,91759,822,145,44,5,4,3,0,1,1,0,0,2,2,0,0,0,1,1,0,1,0,0,1,0,0,0,0,0,0,0,1]}}